name,platform,members,posts_per_day_est,promo_rules,pain_threads_found,channel_grade
r/AusFinance,Reddit,"~830k (gummysearch.com subreddit-stats page, WebSearch-summarized 12 Jul 2026 — third-party estimator; see reliability caveat in block2-notes.md)","unknown — not retrievable (Reddit pages return HTTP-fetch-blocked to WebFetch; WebSearch does not reliably surface reddit.com/r/AusFinance indexed content)","Sub-specific rule text NOT independently verified — Reddit sidebar/wiki rules were not reachable via available tools. Reddit sitewide norm (unwritten 90/10 rule) applies by default.",0,B
r/fiaustralia,Reddit,"~308k (gummysearch.com, same caveat as above)",unknown — not retrievable,"Not independently verified — same tool limitation as r/AusFinance.",0,B
r/ASX_Bets,Reddit,"~127k (gummysearch.com / subredditstats.com; Stockhead 2026 editorial profile independently describes it as Australia's wallstreetbets-style meme/shitpost sub)",unknown — not retrievable,"Not independently verified. Community culture (memes, loss/win posts) suggests higher promo tolerance than AusFinance but this is inference, not a cited rule.",0,B
r/AusStocks / r/ausstocks,Reddit,"~85k (gummysearch.com, same caveat)",unknown — not retrievable,"Not independently verified.",0,B
r/interactivebrokers,Reddit,"unknown — not retrievable via available tools (WebSearch returned no subscriber-count source)",unknown,"Not independently verified.",0,C
r/options,Reddit,"~1.4M; ~118k joined in past 12 months (gummysearch.com/demandsage.com, dated 2026)",unknown — not retrievable,"Not independently verified. Large global finance subs typically ban outright self-promotion by sitewide convention; no AU-specific angle found.",0,C
r/thetagang,Reddit,"unknown — not retrievable via available tools",unknown,"Not independently verified.",0,C
Whirlpool (Finance > Investing subforum),Forum,"not disclosed publicly for the subforum specifically (Whirlpool overall is one of AU's largest general forums)","active — multiple live tax/investing threads found across 2021, 2024, and ongoing (exact posts/day not published)","VERBATIM (whirlpool.net.au/wiki/wp_rules_forum150, 'Finance Forum Rules'): 'You are definitely not allowed to advertise a commercial venture, or use your threads or posts to promote your business, your URLs, phone numbers etc.' Marketing of any form is 'explicitly out of the question' for financial brands. Only the 30-char quip and the profile 'Your web page' link are sanctioned self-ID channels. Referral asks/offers are also disallowed. Sneaky/'viral marketer' accounts are actively policed.",4,C
Aussie Stock Forums,Forum,"52,000 members / 28,000 threads / 2,000,000 posts (forums.feedspot.com, 'Top 10 Australian Stock Forums in 2026' listing, dated 2026)","active — recurring IBKR/tax threads found spanning 2014-2023; forum has run since ~2004","VERBATIM (aussiestockforums.com/help/terms/): members 'are not permitted to advertise or promote products, services or websites without prior permission from the administrator'; 'forbidden to use Aussie Stock Forums for commercial activity of any kind ... without receiving prior permission', including affiliate/referral codes; spammers get 'permanently suspended'. NOTE: this leaves a narrow admin-permission pathway, unlike Whirlpool's blanket ban.",8,B
HotCopper,Forum,"250,000+ registered members (WebSearch-sourced site profile, 2026)","600k+ average monthly users; 700k+ unique monthly visitors; 9,000+ posts/day (same WebSearch-sourced profile — not independently cross-checked against a HotCopper-published stat)","VERBATIM (HotCopper Terms of Use): prohibits posting 'unsolicited or unauthorised advertising, promotional materials, junk mail'. VERBATIM (Editorial/Contributor Guidelines): contributor articles 'should not promote any product or service' or read like 'visit my site / check out my product'; author's company affiliation must be disclosed if referenced. Ordinary forum replies (not contributor articles) are governed by the broader Terms/Code of Conduct, not a separate self-promo policy.",0,B
OzBargain (Financial subforum),Forum,"not disclosed publicly for the Financial subforum specifically","active — recurring EOFY tax AMA threads with a named accounting firm found","No affiliate/referral links, no competing-store links, no URL shorteners (ozbargain.com.au/wiki/help:deal_posting_guidelines). Site Discussion thread found explicitly states OzBargain is 'not a platform for free market research' — i.e. running surveys / soliciting user research on the forum is against community norms.",0,C
Sharesight Community Forum,Vendor (Discourse-hosted) community,"not disclosed (no public member count found)","low-moderate — the strongest pain thread stayed active for 21 replies across 14 months (Jul 2021-Sep 2022)","No formal self-promo policy found (small vendor community, not designed as a public marketing channel). Structurally hostile to outbound promotion of a competing AU tax product: it is Sharesight's own userbase discussing Sharesight's own product gaps, not a neutral third-party channel.",3,C
ASX Tribe (Discord via disboard.org),Discord,"not shown in indexed listing page — exact member count unknown","unknown — described as 'live alerts, AU/overseas equities and crypto chat'",unknown — requires joining the server to read pinned rules; not reachable via public web search,0,C
ASX Trading Chat (Discord),Discord,"2,526 members (disboard.org / discord.me listing, this session)",unknown,unknown — requires joining to read rules,0,C
Share Trading Australia — ASX Stock Trading (Facebook group),Facebook,"unknown — size not shown in public search results; posts are members-only visible (standard FB group behaviour, not independently confirmed for this group)",unknown,unknown — not publicly indexed; would need to join to read pinned rules,0,C
Melbourne Options Trading Group (Meetup, has an associated online presence),Meetup,"unknown — primarily an in-person meetup, not a pure online community",unknown,unknown,0,C
Boxas Accounting / Rask Media / similar AU 'tax on shares' explainer channels,YouTube,"subscriber counts not retrieved this pass",N/A — one-way upload content; no pain-thread mining possible without reading comments,N/A,0,C
