name,category,au_options_tax_support,relevant_gap,pricing,tripwire_set
Sharesight,incumbent-au,no,"Oldest identified unfulfilled request: thread 'Short and long call/put options' opened 2021-07-06 (community.sharesight.com/t/short-and-long-call-put-options/396); Sharesight staff (Jack_Sharesight) replied 2021-07-07: 'We don't have any immediate plans to add support for options, we'll be sure to let you know if this changes' -- acknowledged, not ruled out, not shipped. Thread ran 21 posts / 20+ supporters through 2022-09-14, still unshipped as of 2026-07-21 (~5 yrs open). Related threads: 'Please add derivatives support' (community.sharesight.com/t/722), 'Entering Share Options' (t/496), 'Registering Options' (t/1507). Workaround users report: booking options as custom/manual holdings with adjusted buy/sell prices to fake cost basis -- confirms manual-workaround demand, not a real solution.",Free (10 holdings); Starter ~$7-19/mo AUD (~30 holdings); Investor $18/mo AUD (50 holdings, incl. CGT + performance reports); Expert $23.25/mo AUD (100+ holdings, advanced reporting) -- sharesight.com/au/pricing (accessed 2026-07-21),recommended
Navexa,incumbent-au,no,"Feature request thread 'Support for delisted shares, options and crypto' opened 2021-07-27 (community.navexa.io/t/support-for-delisted-shares-options-and-crypto/68), explicitly asking for ASX options support. No official Navexa staff response/commitment located via search as of 2026-07-21 (thread appears unanswered by staff, vs. Sharesight's at least-acknowledged non-commitment). Navexa's own Help Center 'What can I track with Navexa? (Supported assets, markets & exchanges)' does not list options among supported asset types -- confirms still unsupported ~5 yrs after the request.",$14/mo USD tier (unlimited brokerage connections, contribution tracking, priority support) -- navexa.com/pricing (accessed 2026-07-21); full tier table not enumerated this pass,recommended
TrackMyShares,incumbent-au,no,"No dedicated community forum, changelog, or feature-request board found for TrackMyShares (smaller/newer entrant than Sharesight/Navexa), so no dated options-request thread exists to cite. Product/blog pages (trackmyshares.com/features, /blog) make no mention of options anywhere; supported asset classes are ASX + US shares/ETFs, crypto, precious metals, and manual assets (cash, property, collectibles) -- options simply absent from the asset model, not merely undiscussed.",$49.99/yr (full AU tax support: franking credits, CGT discount, EOFY reports, email forwarding) and $129.99/yr (adds consolidated portfolios, AMIT, rebalancing, crypto-native, precious metals, MCP integration) -- trackmyshares.com (accessed 2026-07-21),recommended
Stake,incumbent-au,no,"Stake AU does not offer options trading on its platform at all, so there is no options-tax gap to request -- the gap is upstream (no options product), and Stake's own tax documents (investment activity/income statements) cover shares/ETF dividends and CGT only. Stake's own blog explicitly directs AU clients to Sharesight for portfolio/tax reporting ('Stake clients can now easily track trades using Sharesight', sharesight.com/blog), i.e. Stake outsources the tax-report problem entirely rather than competing on it.",AU brokerage $3/trade up to $30k (0.01% above); Premium membership $14/mo (one market) or $20/mo / ~$204/yr (both markets) for market depth + financials -- hellostake.com/au/pricing (accessed 2026-07-21),recommended
Selfwealth,incumbent-au,no,"Selfwealth does not offer options trading (confirmed via Help Center article 'Does Selfwealth offer trading in stock options?' -- answer is no, with narrow exceptions where options are issued via a corporate action/bonus). Consequently no options-tax feature-request thread exists; consolidated annual report covers buys/sells/dividends/franking credits only. Selfwealth also integrates with Sharesight for tax reporting rather than building it natively -- same outsourcing pattern as Stake.",Flat brokerage $9.50/trade (AU and US, regardless of size); Premium $29/mo or $240/yr -- selfwealth.com.au/fees-and-charges, help.selfwealth.com.au (accessed 2026-07-21),recommended
TraderSync,us-journal,no,"US-centric trade journal/analytics product; targeted search of TraderSync's own site + general web for 'TraderSync' + 'Australia'/'ATO' returned no product-side AU or ATO content -- only generic third-party ATO tax-guide pages appeared. Confirms: strong options performance analytics, zero AU tax-compliance output. Pricing not re-verified this pass (out of Block 3 scope).",not verified this pass (out of scope -- AU/ATO check only),recommended
TradesViz,us-journal,partial,"TradesViz explicitly markets AU market/broker support -- its own /international/ page lists 'Australia ASX AUD' as one of four featured markets and claims 'country-specific trading journals with local broker integrations and tax information' for AU among others -- so it is the closest thing to an AU-aware US journal. However the same page's substantive tax content is generic ('100+ trading metrics, advanced charts, pivot grids, AI-powered insights'); no CGT calculation, ATO-specific report, or options-tax-treatment feature is described or evidenced. Marked partial (broker/market support) rather than 'no' to flag this as the nearest competitive threat among the US journals -- see tripwire note.",not verified this pass (out of scope -- AU/ATO check only),recommended
Wingman (WingmanTracker),us-journal,no,"Options/futures-specific trade journal, but broker imports are US-only (Schwab, Fidelity, tastytrade, E*TRADE, Interactive Brokers, TD Ameritrade, Infinity Futures-beta); no Australia or ATO content found on wingmantracker.com or docs.wingmantracker.com via search. Confirms: options analytics yes, AU tax no.",not verified this pass (out of scope -- AU/ATO check only),recommended
TraderVue,us-journal,no,"No Australia/ATO-specific content located via search of TraderVue's product surface; general web results returned only unrelated third-party AU tax-guide pages. TraderVue appears to be a legacy-ish product (harder to find recent marketing/docs), so this should be treated as lower-confidence than the other three -- worth a direct site check at G1 rather than relying on search alone.",not verified this pass (out of scope -- AU/ATO check only),recommended
